id,mean_fare,std_fare,batas_min_fare,batas_max_fare
1,32.2042079685746,49.693428597180905,-116.87607782296811,181.2844937601173
2,32.2042079685746,49.693428597180905,-116.87607782296811,181.2844937601173
3,32.2042079685746,49.693428597180905,-116.87607782296811,181.2844937601173
